method,Output,nCell,ARI.RNA,ARI level 1.RNA,AMI.RNA,AMI level 1.RNA,graph cLISI.RNA,graph cLISI level 1.RNA,isolated labels ASW.RNA,isolated labels ASW level 1.RNA,ARI.ATAC,ARI level 1.ATAC,AMI.ATAC,AMI level 1.ATAC,graph cLISI.ATAC,graph cLISI level 1.ATAC,isolated labels ASW.ATAC,isolated labels ASW level 1.ATAC,FOSCTTM,Cell match,Cell type match,Cell type level 1 match,RNA,ATAC
bindSC,Embedding,6924,0.362,0.43,0.557,0.567,0.944,0.933,0.348,0.42,0.331,0.327,0.583,0.586,0.963,0.977,0.562,0.583,0.122,0.003,0.462,0.641,100,100
GLUE,Embedding,6924,0.661,0.582,0.77,0.716,0.98,0.984,0.523,0.5,0.641,0.605,0.744,0.722,0.98,0.985,0.421,0.49,0.039,0.015,0.745,0.859,100,100
LIGER iNMF,Embedding,6924,0.512,0.487,0.713,0.674,0.982,0.985,0.576,0.53,0.48,0.578,0.627,0.656,0.953,0.955,0.428,0.478,0.33,0.001,0.337,0.525,100,100
LIGER online iNMF,Embedding,6924,0.445,0.445,0.637,0.627,0.959,0.953,0.541,0.513,0.453,0.559,0.572,0.608,0.941,0.918,0.487,0.483,0.26,0.001,0.386,0.573,100,100
LIGER UINMF,Embedding,6924,0.455,0.432,0.679,0.643,0.982,0.984,0.494,0.497,0.418,0.51,0.6,0.638,0.956,0.962,0.448,0.575,0.445,0.001,0.142,0.286,100,100
MaxFuse,Embedding,6924,0.682,0.603,0.755,0.706,0.973,0.973,0.583,0.547,0.559,0.5,0.712,0.673,0.98,0.986,0.499,0.631,0.135,0.008,0.699,0.822,100,100
MultiMAP,Embedding,6924,0.274,0.253,0.596,0.573,0.969,0.978,0.467,0.516,0.236,0.24,0.531,0.531,0.959,0.968,0.471,0.604,0.149,0.003,0.598,0.772,100,100
Pamona,Embedding,6924,0.096,0.096,0.311,0.308,0.879,0.822,0.499,0.464,0.014,0.013,0.056,0.047,0.731,0.521,0.49,0.486,0.51,0,0.069,0.105,100,100
SCALEX,Embedding,6924,0.58,0.558,0.693,0.67,0.971,0.969,0.581,0.51,0.474,0.529,0.596,0.614,0.951,0.945,0.512,0.527,0.136,0.003,0.576,0.756,100,100
Seurat v3 CCA,Embedding,6924,0.406,0.379,0.653,0.614,0.972,0.973,0.609,0.542,0.389,0.338,0.664,0.629,0.98,0.985,0.334,0.529,0.082,0.004,0.685,0.825,100,100
Seurat v4 RPCA,Embedding,6924,0.486,0.437,0.666,0.626,0.969,0.977,0.594,0.531,0.309,0.286,0.593,0.573,0.972,0.981,0.428,0.465,0.109,0.005,0.631,0.79,100,100
SIMBA,Embedding,6924,0.63,0.561,0.736,0.691,0.979,0.981,0.58,0.507,0.514,0.576,0.659,0.671,0.963,0.971,0.525,0.564,0.102,0.004,0.589,0.766,100,100
unionCom,Embedding,6924,0.462,0.375,0.692,0.638,0.982,0.989,0.365,0.505,0.428,0.458,0.64,0.642,0.969,0.98,0.314,0.548,0.044,0.006,0.653,0.81,100,100
uniPort,Embedding,6924,0.52,0.519,0.651,0.643,0.967,0.968,0.506,0.483,0.607,0.552,0.736,0.689,0.978,0.981,0.575,0.508,0.08,0.008,0.688,0.819,100,100
bindSC,Embedding,6924,0.324,0.395,0.49,0.505,0.929,0.886,0.487,0.407,0.276,0.307,0.506,0.516,0.938,0.915,0.549,0.576,0.184,0.001,0.32,0.529,100,10
GLUE,Embedding,6924,0.632,0.542,0.749,0.691,0.981,0.983,0.52,0.509,0.552,0.609,0.68,0.684,0.962,0.967,0.457,0.476,0.068,0.007,0.685,0.824,100,10
LIGER iNMF,Embedding,6924,0.528,0.487,0.718,0.672,0.978,0.982,0.553,0.527,0.295,0.414,0.382,0.423,0.888,0.831,0.485,0.44,0.289,0.001,0.226,0.402,100,10
LIGER online iNMF,Embedding,6924,0.416,0.436,0.636,0.616,0.957,0.951,0.478,0.518,0.099,0.139,0.174,0.187,0.812,0.687,0.451,0.45,0.353,0.001,0.298,0.458,100,10
LIGER UINMF,Embedding,6924,0.506,0.455,0.7,0.657,0.98,0.983,0.578,0.517,0.271,0.366,0.372,0.411,0.895,0.845,0.396,0.415,0.383,0,0.276,0.432,100,10
MaxFuse,Embedding,6924,0.474,0.564,0.623,0.655,0.908,0.832,0.589,0.531,0.348,0.477,0.521,0.564,0.93,0.895,0.523,0.607,0.297,0.001,0.433,0.601,100,10
MultiMAP,Embedding,6924,0.223,0.213,0.534,0.524,0.958,0.962,0.649,0.539,0.165,0.171,0.396,0.401,0.928,0.882,0.468,0.564,0.231,0.001,0.402,0.592,100,10
Pamona,Embedding,6924,0.047,0.043,0.159,0.146,0.804,0.675,0.46,0.477,0.005,0.004,0.031,0.022,0.674,0.433,0.464,0.526,0.503,0,0.097,0.144,100,10
SCALEX,Embedding,6924,0.586,0.585,0.706,0.689,0.967,0.97,0.581,0.512,0.243,0.302,0.342,0.374,0.863,0.79,0.499,0.541,0.209,0.002,0.442,0.637,100,10
Seurat v3 CCA,Embedding,6924,0.445,0.421,0.664,0.626,0.966,0.966,0.599,0.532,0.293,0.334,0.501,0.508,0.944,0.915,0.506,0.561,0.333,0,0.255,0.437,100,10
Seurat v4 RPCA,Embedding,6924,0.398,0.399,0.639,0.616,0.966,0.974,0.592,0.529,0.247,0.266,0.474,0.489,0.929,0.892,0.432,0.488,0.167,0.002,0.468,0.644,100,10
SIMBA,Embedding,6924,0.581,0.523,0.719,0.665,0.977,0.978,0.566,0.511,0.252,0.315,0.365,0.395,0.906,0.859,0.496,0.501,0.196,0.001,0.415,0.58,100,10
unionCom,Embedding,6924,0.374,0.323,0.664,0.613,0.981,0.989,0.391,0.496,0.044,0.05,0.092,0.092,0.78,0.637,0.439,0.528,0.353,0,0.156,0.264,100,10
uniPort,Embedding,6924,0.221,0.26,0.349,0.371,0.901,0.844,0.438,0.457,0.601,0.593,0.734,0.702,0.978,0.978,0.573,0.511,0.216,0.002,0.431,0.612,100,10
bindSC,Embedding,6924,0.384,0.427,0.533,0.548,0.938,0.92,0.378,0.423,0.336,0.362,0.574,0.581,0.96,0.968,0.56,0.572,0.136,0.001,0.437,0.643,100,25
GLUE,Embedding,6924,0.622,0.543,0.745,0.694,0.982,0.983,0.536,0.513,0.662,0.609,0.73,0.707,0.976,0.98,0.421,0.504,0.047,0.014,0.732,0.851,100,25
LIGER iNMF,Embedding,6924,0.467,0.458,0.698,0.664,0.98,0.984,0.564,0.532,0.442,0.554,0.554,0.591,0.937,0.917,0.448,0.46,0.256,0.001,0.302,0.422,100,25
LIGER online iNMF,Embedding,6924,0.429,0.421,0.637,0.619,0.961,0.954,0.482,0.513,0.31,0.436,0.409,0.457,0.895,0.835,0.456,0.443,0.31,0.001,0.34,0.496,100,25
LIGER UINMF,Embedding,6924,0.552,0.491,0.71,0.671,0.983,0.982,0.528,0.501,0.439,0.562,0.549,0.601,0.932,0.919,0.425,0.463,0.353,0.001,0.183,0.354,100,25
MaxFuse,Embedding,6924,0.547,0.629,0.679,0.69,0.945,0.923,0.6,0.533,0.472,0.539,0.627,0.635,0.96,0.966,0.546,0.639,0.221,0.002,0.579,0.747,100,25
MultiMAP,Embedding,6924,0.237,0.227,0.565,0.549,0.966,0.97,0.499,0.522,0.219,0.218,0.5,0.494,0.953,0.956,0.426,0.52,0.167,0.002,0.53,0.717,100,25
Pamona,Embedding,6924,0.057,0.053,0.194,0.18,0.829,0.72,0.473,0.474,0.005,0.004,0.029,0.022,0.688,0.454,0.472,0.521,0.503,0,0.103,0.152,100,25
SCALEX,Embedding,6924,0.522,0.559,0.683,0.664,0.967,0.966,0.61,0.527,0.334,0.458,0.48,0.532,0.916,0.876,0.522,0.519,0.153,0.002,0.517,0.688,100,25
Seurat v3 CCA,Embedding,6924,0.471,0.463,0.652,0.64,0.966,0.971,0.595,0.529,0.402,0.371,0.629,0.611,0.97,0.978,0.326,0.516,0.096,0.003,0.607,0.77,100,25
Seurat v4 RPCA,Embedding,6924,0.409,0.38,0.646,0.606,0.967,0.964,0.593,0.53,0.266,0.263,0.547,0.54,0.963,0.969,0.385,0.524,0.126,0.002,0.568,0.716,100,25
SIMBA,Embedding,6924,0.62,0.553,0.743,0.687,0.98,0.977,0.549,0.515,0.42,0.502,0.567,0.592,0.948,0.937,0.514,0.543,0.13,0.002,0.521,0.698,100,25
unionCom,Embedding,6924,0.384,0.338,0.645,0.6,0.979,0.983,0.418,0.502,0.103,0.111,0.149,0.151,0.82,0.69,0.472,0.595,0.305,0,0.15,0.295,100,25
uniPort,Embedding,6924,0.354,0.394,0.524,0.534,0.944,0.927,0.479,0.472,0.595,0.536,0.727,0.678,0.976,0.977,0.585,0.506,0.136,0.003,0.573,0.742,100,25
bindSC,Embedding,6924,0.397,0.504,0.57,0.595,0.945,0.927,0.456,0.395,0.337,0.362,0.583,0.587,0.96,0.97,0.545,0.591,0.125,0.001,0.451,0.65,100,50
GLUE,Embedding,6924,0.624,0.562,0.756,0.706,0.983,0.987,0.515,0.512,0.593,0.585,0.714,0.691,0.976,0.979,0.436,0.503,0.036,0.021,0.762,0.869,100,50
LIGER iNMF,Embedding,6924,0.474,0.456,0.699,0.664,0.98,0.978,0.583,0.532,0.507,0.585,0.617,0.64,0.95,0.943,0.419,0.488,0.28,0.001,0.315,0.565,100,50
LIGER online iNMF,Embedding,6924,0.43,0.435,0.637,0.625,0.959,0.957,0.513,0.512,0.394,0.487,0.503,0.542,0.927,0.885,0.476,0.469,0.281,0.001,0.385,0.554,100,50
LIGER UINMF,Embedding,6924,0.478,0.434,0.687,0.652,0.981,0.982,0.545,0.505,0.366,0.489,0.559,0.61,0.942,0.927,0.409,0.517,0.445,0.001,0.167,0.268,100,50
MaxFuse,Embedding,6924,0.666,0.664,0.755,0.737,0.968,0.967,0.562,0.533,0.519,0.49,0.685,0.657,0.975,0.979,0.508,0.632,0.163,0.004,0.693,0.811,100,50
MultiMAP,Embedding,6924,0.256,0.235,0.574,0.554,0.971,0.978,0.561,0.512,0.251,0.249,0.523,0.523,0.959,0.964,0.437,0.599,0.153,0.002,0.571,0.748,100,50
Pamona,Embedding,6924,0.105,0.104,0.312,0.308,0.878,0.811,0.493,0.465,0.008,0.008,0.036,0.028,0.703,0.481,0.459,0.489,0.509,0,0.077,0.113,100,50
SCALEX,Embedding,6924,0.496,0.51,0.659,0.638,0.966,0.966,0.61,0.523,0.398,0.453,0.548,0.566,0.938,0.925,0.461,0.528,0.139,0.003,0.534,0.728,100,50
Seurat v3 CCA,Embedding,6924,0.473,0.441,0.664,0.63,0.968,0.968,0.593,0.531,0.354,0.315,0.642,0.612,0.977,0.984,0.413,0.517,0.084,0.004,0.662,0.812,100,50
Seurat v4 RPCA,Embedding,6924,0.428,0.399,0.666,0.633,0.967,0.971,0.59,0.53,0.301,0.277,0.583,0.562,0.968,0.976,0.413,0.482,0.118,0.004,0.613,0.775,100,50
SIMBA,Embedding,6924,0.619,0.555,0.747,0.695,0.981,0.981,0.563,0.517,0.518,0.585,0.647,0.661,0.96,0.964,0.517,0.559,0.11,0.002,0.554,0.747,100,50
unionCom,Embedding,6924,0.382,0.321,0.672,0.623,0.982,0.99,0.399,0.534,0.401,0.418,0.627,0.634,0.965,0.973,0.343,0.588,0.044,0.005,0.663,0.812,100,50
uniPort,Embedding,6924,0.505,0.528,0.621,0.623,0.961,0.959,0.467,0.476,0.608,0.59,0.737,0.704,0.977,0.982,0.57,0.508,0.106,0.005,0.663,0.81,100,50
bindSC,Embedding,6924,0.392,0.444,0.574,0.592,0.945,0.936,0.465,0.401,0.333,0.336,0.582,0.586,0.962,0.975,0.563,0.588,0.122,0.002,0.481,0.67,100,75
GLUE,Embedding,6924,0.63,0.554,0.758,0.703,0.984,0.988,0.52,0.507,0.639,0.585,0.744,0.705,0.978,0.984,0.419,0.506,0.039,0.015,0.751,0.858,100,75
LIGER iNMF,Embedding,6924,0.538,0.474,0.711,0.667,0.982,0.985,0.583,0.527,0.497,0.607,0.625,0.655,0.953,0.951,0.418,0.461,0.319,0.001,0.243,0.471,100,75
LIGER online iNMF,Embedding,6924,0.427,0.428,0.628,0.613,0.958,0.949,0.534,0.514,0.421,0.525,0.541,0.583,0.938,0.907,0.488,0.466,0.268,0.001,0.377,0.563,100,75
LIGER UINMF,Embedding,6924,0.469,0.445,0.683,0.655,0.983,0.985,0.515,0.501,0.423,0.521,0.595,0.632,0.947,0.943,0.463,0.519,0.435,0.001,0.137,0.23,100,75
MaxFuse,Embedding,6924,0.68,0.65,0.758,0.734,0.97,0.969,0.577,0.553,0.531,0.482,0.69,0.657,0.975,0.981,0.514,0.632,0.149,0.006,0.682,0.806,100,75
MultiMAP,Embedding,6924,0.274,0.237,0.595,0.569,0.97,0.976,0.534,0.545,0.25,0.251,0.531,0.536,0.958,0.969,0.479,0.592,0.152,0.003,0.572,0.756,100,75
Pamona,Embedding,6924,0.105,0.103,0.32,0.317,0.875,0.816,0.496,0.467,0.01,0.009,0.041,0.033,0.726,0.514,0.467,0.485,0.509,0,0.065,0.098,100,75
SCALEX,Embedding,6924,0.578,0.553,0.698,0.67,0.97,0.972,0.625,0.519,0.484,0.542,0.597,0.616,0.949,0.942,0.498,0.525,0.129,0.004,0.577,0.755,100,75
Seurat v3 CCA,Embedding,6924,0.453,0.42,0.662,0.621,0.97,0.973,0.592,0.53,0.399,0.352,0.659,0.627,0.979,0.985,0.38,0.55,0.081,0.004,0.668,0.82,100,75
Seurat v4 RPCA,Embedding,6924,0.409,0.372,0.652,0.612,0.969,0.975,0.589,0.53,0.292,0.281,0.585,0.57,0.971,0.979,0.416,0.471,0.108,0.004,0.63,0.787,100,75
SIMBA,Embedding,6924,0.575,0.504,0.726,0.673,0.981,0.982,0.567,0.515,0.527,0.617,0.661,0.687,0.966,0.972,0.548,0.559,0.107,0.003,0.578,0.769,100,75
unionCom,Embedding,6924,0.404,0.345,0.686,0.639,0.983,0.989,0.387,0.513,0.425,0.426,0.645,0.641,0.967,0.978,0.302,0.554,0.043,0.006,0.663,0.817,100,75
uniPort,Embedding,6924,0.576,0.566,0.657,0.65,0.958,0.96,0.484,0.487,0.564,0.53,0.729,0.69,0.977,0.976,0.569,0.513,0.09,0.006,0.672,0.813,100,75
bindSC,Embedding,6924,0.178,0.23,0.281,0.297,0.872,0.804,0.446,0.4,0.317,0.317,0.568,0.563,0.959,0.964,0.553,0.591,0.213,0.001,0.326,0.487,10,100
GLUE,Embedding,6924,0.47,0.548,0.609,0.62,0.946,0.933,0.475,0.482,0.606,0.599,0.727,0.71,0.97,0.974,0.459,0.496,0.087,0.004,0.621,0.766,10,100
LIGER iNMF,Embedding,6924,0.113,0.121,0.218,0.207,0.842,0.725,0.377,0.415,0.17,0.222,0.217,0.236,0.832,0.721,0.465,0.428,0.372,0,0.193,0.305,10,100
LIGER online iNMF,Embedding,6924,0.1,0.13,0.181,0.183,0.831,0.717,0.402,0.369,0.123,0.163,0.185,0.201,0.805,0.678,0.42,0.433,0.41,0,0.2,0.319,10,100
LIGER UINMF,Embedding,6924,0.145,0.161,0.228,0.228,0.839,0.725,0.295,0.35,0.412,0.521,0.532,0.572,0.915,0.887,0.49,0.475,0.399,0,0.174,0.278,10,100
MaxFuse,Embedding,6924,0.391,0.465,0.506,0.528,0.894,0.837,0.597,0.482,0.541,0.496,0.695,0.667,0.978,0.984,0.529,0.632,0.291,0.001,0.557,0.704,10,100
MultiMAP,Embedding,6924,0.215,0.227,0.46,0.465,0.935,0.921,0.635,0.513,0.209,0.208,0.48,0.478,0.949,0.954,0.529,0.6,0.211,0.002,0.405,0.585,10,100
Pamona,Embedding,6924,0.014,0.016,0.055,0.053,0.716,0.49,0.524,0.488,0.006,0.005,0.032,0.023,0.695,0.458,0.471,0.535,0.499,0,0.104,0.164,10,100
SCALEX,Embedding,6924,0.254,0.334,0.389,0.419,0.896,0.844,0.661,0.55,0.449,0.569,0.578,0.615,0.946,0.937,0.486,0.495,0.225,0.001,0.419,0.609,10,100
Seurat v3 CCA,Embedding,6924,0.314,0.406,0.396,0.428,0.877,0.795,0.468,0.497,0.383,0.351,0.653,0.626,0.977,0.984,0.477,0.552,0.215,0.001,0.562,0.714,10,100
Seurat v4 RPCA,Embedding,6924,0.307,0.39,0.384,0.416,0.873,0.786,0.467,0.498,0.327,0.312,0.592,0.584,0.97,0.98,0.443,0.557,0.221,0.001,0.542,0.694,10,100
SIMBA,Embedding,6924,0.345,0.466,0.462,0.497,0.925,0.876,0.497,0.485,0.503,0.553,0.612,0.623,0.952,0.96,0.543,0.52,0.182,0.001,0.425,0.611,10,100
unionCom,Embedding,6924,0.12,0.127,0.246,0.25,0.858,0.745,0.474,0.465,0.178,0.185,0.303,0.312,0.887,0.834,0.48,0.497,0.383,0.001,0.192,0.302,10,100
uniPort,Embedding,6924,0.476,0.579,0.611,0.649,0.937,0.914,0.463,0.46,0.362,0.503,0.488,0.538,0.88,0.811,0.501,0.479,0.25,0.002,0.502,0.664,10,100
bindSC,Embedding,6924,0.126,0.155,0.238,0.246,0.853,0.765,0.389,0.414,0.268,0.302,0.503,0.528,0.94,0.913,0.536,0.581,0.251,0.001,0.262,0.434,10,10
GLUE,Embedding,6924,0.443,0.6,0.605,0.658,0.924,0.881,0.517,0.5,0.461,0.594,0.621,0.657,0.94,0.918,0.516,0.518,0.162,0.002,0.518,0.706,10,10
LIGER iNMF,Embedding,6924,0.123,0.151,0.219,0.22,0.855,0.742,0.394,0.382,0.014,0.016,0.034,0.034,0.727,0.523,0.439,0.451,0.436,0.001,0.171,0.272,10,10
LIGER online iNMF,Embedding,6924,0.08,0.107,0.172,0.172,0.827,0.709,0.406,0.371,0.016,0.019,0.037,0.039,0.712,0.511,0.477,0.412,0.462,0,0.166,0.262,10,10
LIGER UINMF,Embedding,6924,0.099,0.12,0.172,0.168,0.832,0.709,0.397,0.383,0.01,0.011,0.025,0.026,0.716,0.495,0.436,0.425,0.459,0,0.163,0.263,10,10
MaxFuse,Embedding,6924,0.351,0.411,0.414,0.436,0.846,0.734,0.579,0.482,0.338,0.438,0.511,0.549,0.932,0.896,0.508,0.616,0.338,0.001,0.391,0.565,10,10
MultiMAP,Embedding,6924,0.179,0.193,0.447,0.455,0.92,0.886,0.46,0.541,0.185,0.207,0.406,0.416,0.92,0.879,0.523,0.56,0.213,0.001,0.386,0.576,10,10
Pamona,Embedding,6924,0.006,0.005,0.019,0.016,0.685,0.437,0.512,0.493,0.005,0.004,0.03,0.022,0.673,0.435,0.467,0.498,0.501,0,0.093,0.147,10,10
SCALEX,Embedding,6924,0.256,0.346,0.357,0.388,0.89,0.826,0.595,0.547,0.208,0.27,0.287,0.319,0.848,0.752,0.502,0.535,0.299,0.001,0.306,0.467,10,10
Seurat v3 CCA,Embedding,6924,0.313,0.386,0.391,0.417,0.87,0.773,0.469,0.497,0.313,0.351,0.537,0.543,0.947,0.933,0.462,0.511,0.308,0.001,0.396,0.565,10,10
Seurat v4 RPCA,Embedding,6924,0.318,0.403,0.392,0.417,0.879,0.792,0.468,0.498,0.221,0.244,0.469,0.486,0.924,0.893,0.466,0.54,0.27,0.001,0.397,0.565,10,10
SIMBA,Embedding,6924,0.296,0.352,0.384,0.398,0.896,0.833,0.509,0.493,0.181,0.242,0.244,0.263,0.855,0.765,0.456,0.508,0.307,0.001,0.312,0.472,10,10
unionCom,Embedding,6924,0.126,0.133,0.246,0.247,0.858,0.741,0.448,0.45,0.08,0.088,0.136,0.138,0.802,0.676,0.446,0.509,0.462,0,0.107,0.145,10,10
uniPort,Embedding,6924,0.281,0.358,0.352,0.385,0.865,0.788,0.456,0.464,0.395,0.487,0.506,0.543,0.893,0.834,0.516,0.477,0.302,0.001,0.382,0.559,10,10
bindSC,Embedding,6924,0.279,0.37,0.449,0.474,0.923,0.892,0.371,0.401,0.345,0.362,0.591,0.6,0.959,0.974,0.552,0.58,0.15,0.002,0.421,0.622,25,100
GLUE,Embedding,6924,0.574,0.62,0.712,0.7,0.97,0.975,0.51,0.495,0.69,0.7,0.763,0.761,0.975,0.978,0.459,0.5,0.057,0.01,0.71,0.826,25,100
LIGER iNMF,Embedding,6924,0.404,0.457,0.564,0.57,0.944,0.917,0.541,0.495,0.417,0.511,0.519,0.559,0.916,0.877,0.449,0.446,0.234,0.001,0.38,0.558,25,100
LIGER online iNMF,Embedding,6924,0.351,0.43,0.489,0.509,0.927,0.885,0.428,0.468,0.298,0.435,0.413,0.457,0.894,0.84,0.444,0.457,0.287,0.001,0.371,0.558,25,100
LIGER UINMF,Embedding,6924,0.385,0.415,0.489,0.495,0.931,0.9,0.549,0.459,0.38,0.478,0.577,0.62,0.94,0.934,0.451,0.51,0.471,0,0.11,0.166,25,100
MaxFuse,Embedding,6924,0.527,0.513,0.63,0.617,0.949,0.928,0.574,0.531,0.559,0.51,0.701,0.662,0.979,0.98,0.515,0.636,0.209,0.003,0.647,0.776,25,100
MultiMAP,Embedding,6924,0.249,0.244,0.537,0.531,0.955,0.96,0.362,0.533,0.219,0.218,0.489,0.486,0.951,0.96,0.436,0.619,0.179,0.002,0.519,0.7,25,100
Pamona,Embedding,6924,0.03,0.036,0.117,0.115,0.745,0.546,0.413,0.508,0.01,0.01,0.05,0.042,0.724,0.51,0.48,0.501,0.497,0,0.103,0.178,25,100
SCALEX,Embedding,6924,0.37,0.418,0.545,0.555,0.942,0.919,0.612,0.529,0.517,0.617,0.627,0.659,0.95,0.944,0.492,0.507,0.167,0.002,0.506,0.7,25,100
Seurat v3 CCA,Embedding,6924,0.403,0.489,0.542,0.567,0.927,0.886,0.517,0.501,0.411,0.364,0.661,0.626,0.98,0.987,0.432,0.533,0.131,0.003,0.63,0.762,25,100
Seurat v4 RPCA,Embedding,6924,0.406,0.456,0.549,0.552,0.93,0.889,0.515,0.5,0.316,0.29,0.602,0.579,0.971,0.974,0.438,0.525,0.153,0.003,0.595,0.74,25,100
SIMBA,Embedding,6924,0.515,0.554,0.65,0.637,0.952,0.946,0.55,0.503,0.518,0.607,0.637,0.662,0.956,0.959,0.526,0.553,0.138,0.003,0.513,0.696,25,100
unionCom,Embedding,6924,0.321,0.342,0.482,0.478,0.939,0.897,0.396,0.482,0.162,0.177,0.29,0.302,0.892,0.845,0.484,0.496,0.35,0,0.193,0.254,25,100
uniPort,Embedding,6924,0.518,0.533,0.641,0.635,0.958,0.949,0.48,0.489,0.491,0.556,0.639,0.644,0.948,0.93,0.556,0.51,0.13,0.004,0.608,0.757,25,100
bindSC,Embedding,6924,0.26,0.336,0.412,0.424,0.911,0.87,0.345,0.421,0.335,0.349,0.57,0.582,0.957,0.966,0.554,0.572,0.164,0.001,0.399,0.575,25,25
GLUE,Embedding,6924,0.591,0.572,0.724,0.69,0.965,0.967,0.523,0.498,0.605,0.655,0.727,0.737,0.967,0.972,0.434,0.51,0.071,0.006,0.676,0.81,25,25
LIGER iNMF,Embedding,6924,0.377,0.413,0.565,0.566,0.948,0.925,0.518,0.507,0.237,0.289,0.274,0.291,0.856,0.782,0.405,0.433,0.299,0.001,0.307,0.495,25,25
LIGER online iNMF,Embedding,6924,0.427,0.486,0.506,0.519,0.922,0.882,0.429,0.475,0.156,0.195,0.197,0.21,0.821,0.699,0.405,0.43,0.348,0.001,0.314,0.482,25,25
LIGER UINMF,Embedding,6924,0.426,0.472,0.501,0.516,0.932,0.903,0.493,0.465,0.235,0.298,0.282,0.308,0.851,0.781,0.412,0.471,0.337,0.001,0.288,0.467,25,25
MaxFuse,Embedding,6924,0.486,0.556,0.616,0.629,0.917,0.868,0.57,0.506,0.428,0.471,0.621,0.626,0.96,0.969,0.542,0.652,0.263,0.002,0.55,0.728,25,25
MultiMAP,Embedding,6924,0.212,0.216,0.526,0.523,0.954,0.952,0.493,0.551,0.217,0.223,0.479,0.482,0.949,0.944,0.463,0.607,0.174,0.002,0.486,0.679,25,25
Pamona,Embedding,6924,0.021,0.023,0.084,0.079,0.736,0.525,0.4,0.489,0.005,0.004,0.029,0.022,0.69,0.455,0.464,0.506,0.501,0,0.089,0.154,25,25
SCALEX,Embedding,6924,0.456,0.525,0.582,0.593,0.943,0.917,0.596,0.529,0.318,0.426,0.457,0.508,0.909,0.872,0.532,0.524,0.194,0.002,0.457,0.641,25,25
Seurat v3 CCA,Embedding,6924,0.413,0.468,0.556,0.562,0.927,0.888,0.515,0.499,0.338,0.337,0.616,0.602,0.972,0.977,0.432,0.497,0.157,0.002,0.561,0.714,25,25
Seurat v4 RPCA,Embedding,6924,0.404,0.485,0.543,0.564,0.922,0.884,0.516,0.499,0.3,0.291,0.559,0.555,0.96,0.965,0.38,0.503,0.173,0.002,0.527,0.667,25,25
SIMBA,Embedding,6924,0.497,0.533,0.623,0.613,0.95,0.939,0.53,0.506,0.382,0.476,0.513,0.541,0.933,0.897,0.511,0.511,0.179,0.001,0.425,0.59,25,25
unionCom,Embedding,6924,0.283,0.297,0.485,0.475,0.937,0.902,0.387,0.493,0.105,0.122,0.193,0.195,0.827,0.722,0.447,0.487,0.394,0,0.158,0.235,25,25
uniPort,Embedding,6924,0.002,0.003,0.015,0.009,0.692,0.446,0.473,0.507,0.015,0.018,0.036,0.029,0.723,0.506,0.48,0.486,0.475,0,0.097,0.145,25,25
bindSC,Embedding,6924,0.356,0.417,0.525,0.544,0.939,0.926,0.445,0.393,0.309,0.326,0.58,0.588,0.964,0.977,0.561,0.584,0.132,0.002,0.473,0.664,50,100
GLUE,Embedding,6924,0.64,0.589,0.751,0.708,0.975,0.977,0.526,0.5,0.599,0.586,0.721,0.706,0.977,0.985,0.446,0.492,0.044,0.011,0.715,0.839,50,100
LIGER iNMF,Embedding,6924,0.476,0.483,0.655,0.64,0.966,0.969,0.53,0.515,0.502,0.595,0.604,0.641,0.946,0.931,0.448,0.491,0.234,0.001,0.339,0.577,50,100
LIGER online iNMF,Embedding,6924,0.473,0.546,0.598,0.616,0.945,0.933,0.482,0.478,0.41,0.539,0.526,0.579,0.92,0.888,0.447,0.474,0.234,0.001,0.416,0.642,50,100
LIGER UINMF,Embedding,6924,0.423,0.408,0.633,0.605,0.965,0.965,0.407,0.517,0.45,0.569,0.612,0.656,0.951,0.95,0.486,0.541,0.444,0.001,0.23,0.41,50,100
MaxFuse,Embedding,6924,0.628,0.606,0.71,0.686,0.964,0.96,0.596,0.539,0.562,0.514,0.709,0.681,0.977,0.982,0.49,0.632,0.168,0.005,0.695,0.812,50,100
MultiMAP,Embedding,6924,0.256,0.241,0.567,0.559,0.962,0.971,0.529,0.525,0.221,0.225,0.532,0.528,0.957,0.972,0.418,0.625,0.155,0.002,0.556,0.746,50,100
Pamona,Embedding,6924,0.094,0.087,0.235,0.232,0.808,0.669,0.443,0.482,0.011,0.01,0.052,0.043,0.723,0.517,0.489,0.502,0.508,0,0.065,0.116,50,100
SCALEX,Embedding,6924,0.511,0.512,0.651,0.631,0.958,0.956,0.609,0.523,0.505,0.62,0.618,0.66,0.949,0.944,0.498,0.523,0.148,0.003,0.553,0.74,50,100
Seurat v3 CCA,Embedding,6924,0.498,0.498,0.646,0.624,0.955,0.943,0.551,0.512,0.379,0.329,0.657,0.62,0.98,0.985,0.419,0.544,0.101,0.003,0.655,0.788,50,100
Seurat v4 RPCA,Embedding,6924,0.493,0.497,0.645,0.621,0.953,0.94,0.545,0.513,0.313,0.299,0.6,0.586,0.972,0.98,0.444,0.504,0.124,0.003,0.61,0.756,50,100
SIMBA,Embedding,6924,0.574,0.555,0.703,0.668,0.969,0.973,0.562,0.512,0.53,0.588,0.66,0.675,0.962,0.969,0.511,0.554,0.115,0.002,0.567,0.761,50,100
unionCom,Embedding,6924,0.404,0.369,0.63,0.601,0.975,0.976,0.52,0.511,0.29,0.313,0.509,0.526,0.95,0.954,0.496,0.529,0.101,0.003,0.538,0.709,50,100
uniPort,Embedding,6924,0.462,0.519,0.63,0.636,0.961,0.963,0.474,0.496,0.552,0.541,0.7,0.67,0.966,0.967,0.565,0.509,0.108,0.006,0.661,0.808,50,100
bindSC,Embedding,6924,0.362,0.421,0.52,0.529,0.939,0.912,0.434,0.393,0.304,0.32,0.565,0.573,0.96,0.968,0.565,0.589,0.134,0.001,0.426,0.625,50,50
GLUE,Embedding,6924,0.631,0.588,0.751,0.709,0.977,0.982,0.515,0.502,0.622,0.602,0.732,0.716,0.98,0.985,0.41,0.5,0.042,0.013,0.74,0.854,50,50
LIGER iNMF,Embedding,6924,0.58,0.569,0.681,0.663,0.968,0.963,0.544,0.518,0.415,0.523,0.542,0.578,0.932,0.918,0.441,0.471,0.263,0.001,0.336,0.603,50,50
LIGER online iNMF,Embedding,6924,0.473,0.541,0.602,0.621,0.942,0.932,0.483,0.482,0.337,0.469,0.456,0.501,0.904,0.858,0.459,0.464,0.261,0.001,0.401,0.63,50,50
LIGER UINMF,Embedding,6924,0.425,0.425,0.619,0.595,0.963,0.961,0.452,0.507,0.384,0.524,0.488,0.536,0.92,0.878,0.448,0.435,0.413,0,0.177,0.343,50,50
MaxFuse,Embedding,6924,0.626,0.627,0.72,0.705,0.958,0.953,0.603,0.54,0.592,0.567,0.705,0.687,0.976,0.982,0.501,0.63,0.19,0.004,0.656,0.79,50,50
MultiMAP,Embedding,6924,0.233,0.223,0.558,0.541,0.964,0.968,0.427,0.512,0.235,0.235,0.511,0.512,0.956,0.965,0.401,0.623,0.157,0.002,0.557,0.735,50,50
Pamona,Embedding,6924,0.077,0.068,0.214,0.211,0.793,0.651,0.441,0.482,0.005,0.005,0.032,0.024,0.696,0.455,0.435,0.505,0.506,0,0.08,0.131,50,50
SCALEX,Embedding,6924,0.507,0.556,0.644,0.64,0.955,0.947,0.606,0.538,0.426,0.513,0.557,0.589,0.939,0.917,0.484,0.525,0.154,0.003,0.536,0.719,50,50
Seurat v3 CCA,Embedding,6924,0.495,0.485,0.65,0.619,0.953,0.945,0.547,0.512,0.368,0.327,0.641,0.613,0.977,0.983,0.381,0.52,0.106,0.003,0.619,0.761,50,50
Seurat v4 RPCA,Embedding,6924,0.492,0.489,0.642,0.62,0.951,0.937,0.538,0.512,0.328,0.331,0.583,0.573,0.969,0.978,0.407,0.495,0.137,0.003,0.588,0.736,50,50
SIMBA,Embedding,6924,0.577,0.538,0.699,0.661,0.967,0.969,0.568,0.505,0.477,0.544,0.614,0.629,0.956,0.955,0.52,0.527,0.129,0.002,0.532,0.72,50,50
unionCom,Embedding,6924,0.415,0.375,0.633,0.6,0.974,0.975,0.497,0.513,0.323,0.376,0.562,0.577,0.95,0.953,0.438,0.544,0.081,0.003,0.519,0.705,50,50
uniPort,Embedding,6924,0.504,0.543,0.625,0.636,0.957,0.949,0.465,0.476,0.596,0.625,0.72,0.71,0.964,0.963,0.552,0.506,0.123,0.005,0.629,0.783,50,50
bindSC,Embedding,6924,0.361,0.415,0.555,0.569,0.947,0.934,0.374,0.402,0.317,0.316,0.577,0.579,0.963,0.975,0.548,0.582,0.126,0.002,0.473,0.678,75,100
GLUE,Embedding,6924,0.666,0.587,0.766,0.712,0.979,0.98,0.518,0.506,0.684,0.637,0.747,0.724,0.976,0.981,0.449,0.494,0.039,0.015,0.734,0.854,75,100
LIGER iNMF,Embedding,6924,0.565,0.547,0.696,0.675,0.975,0.976,0.614,0.539,0.51,0.625,0.624,0.661,0.955,0.949,0.449,0.49,0.244,0.001,0.314,0.517,75,100
LIGER online iNMF,Embedding,6924,0.4,0.475,0.625,0.638,0.955,0.948,0.481,0.498,0.435,0.562,0.572,0.623,0.941,0.919,0.477,0.463,0.232,0.001,0.397,0.603,75,100
LIGER UINMF,Embedding,6924,0.437,0.433,0.655,0.617,0.969,0.965,0.463,0.496,0.484,0.575,0.633,0.672,0.952,0.962,0.447,0.549,0.445,0.001,0.157,0.285,75,100
MaxFuse,Embedding,6924,0.628,0.564,0.736,0.688,0.97,0.965,0.574,0.538,0.551,0.494,0.707,0.669,0.978,0.983,0.497,0.632,0.145,0.008,0.709,0.823,75,100
MultiMAP,Embedding,6924,0.27,0.249,0.586,0.567,0.967,0.979,0.435,0.523,0.248,0.246,0.527,0.526,0.956,0.971,0.429,0.628,0.151,0.002,0.574,0.753,75,100
Pamona,Embedding,6924,0.086,0.078,0.248,0.242,0.853,0.757,0.443,0.502,0.013,0.012,0.056,0.047,0.734,0.528,0.484,0.48,0.507,0,0.068,0.118,75,100
SCALEX,Embedding,6924,0.544,0.597,0.682,0.676,0.965,0.966,0.605,0.512,0.475,0.582,0.599,0.634,0.949,0.943,0.504,0.526,0.134,0.004,0.582,0.762,75,100
Seurat v3 CCA,Embedding,6924,0.505,0.452,0.656,0.618,0.967,0.966,0.572,0.52,0.413,0.342,0.666,0.626,0.981,0.985,0.374,0.533,0.088,0.004,0.662,0.799,75,100
Seurat v4 RPCA,Embedding,6924,0.474,0.424,0.65,0.606,0.963,0.961,0.571,0.518,0.298,0.289,0.583,0.569,0.974,0.98,0.404,0.486,0.115,0.004,0.619,0.758,75,100
SIMBA,Embedding,6924,0.623,0.562,0.735,0.695,0.978,0.983,0.557,0.502,0.527,0.575,0.658,0.668,0.967,0.973,0.522,0.558,0.107,0.004,0.589,0.763,75,100
unionCom,Embedding,6924,0.372,0.33,0.643,0.597,0.978,0.984,0.359,0.513,0.38,0.381,0.634,0.631,0.966,0.975,0.308,0.533,0.045,0.006,0.667,0.812,75,100
uniPort,Embedding,6924,0.498,0.521,0.65,0.646,0.963,0.97,0.502,0.495,0.52,0.543,0.716,0.697,0.975,0.98,0.564,0.506,0.09,0.007,0.675,0.815,75,100
bindSC,Embedding,6924,0.38,0.475,0.562,0.592,0.944,0.932,0.382,0.406,0.326,0.337,0.575,0.589,0.961,0.975,0.562,0.577,0.127,0.001,0.479,0.666,75,75
GLUE,Embedding,6924,0.649,0.575,0.759,0.708,0.98,0.982,0.514,0.511,0.647,0.607,0.749,0.72,0.981,0.987,0.426,0.498,0.043,0.011,0.738,0.854,75,75
LIGER iNMF,Embedding,6924,0.57,0.525,0.699,0.667,0.976,0.978,0.613,0.536,0.501,0.568,0.617,0.635,0.951,0.941,0.472,0.483,0.245,0.001,0.315,0.537,75,75
LIGER online iNMF,Embedding,6924,0.439,0.483,0.636,0.639,0.957,0.956,0.481,0.498,0.406,0.538,0.543,0.586,0.935,0.909,0.465,0.458,0.239,0.001,0.399,0.607,75,75
LIGER UINMF,Embedding,6924,0.447,0.472,0.653,0.64,0.972,0.976,0.558,0.511,0.418,0.547,0.599,0.648,0.943,0.93,0.424,0.531,0.422,0.001,0.155,0.32,75,75
MaxFuse,Embedding,6924,0.648,0.587,0.74,0.696,0.972,0.969,0.589,0.529,0.541,0.504,0.692,0.655,0.975,0.983,0.509,0.626,0.156,0.005,0.688,0.808,75,75
MultiMAP,Embedding,6924,0.267,0.245,0.581,0.559,0.965,0.976,0.625,0.542,0.271,0.264,0.535,0.539,0.956,0.968,0.446,0.604,0.155,0.002,0.564,0.744,75,75
Pamona,Embedding,6924,0.086,0.081,0.252,0.245,0.851,0.761,0.445,0.503,0.009,0.009,0.038,0.03,0.726,0.519,0.45,0.474,0.507,0,0.062,0.108,75,75
SCALEX,Embedding,6924,0.547,0.543,0.668,0.644,0.964,0.963,0.601,0.522,0.486,0.553,0.596,0.616,0.945,0.936,0.497,0.525,0.13,0.003,0.562,0.747,75,75
Seurat v3 CCA,Embedding,6924,0.438,0.438,0.645,0.63,0.963,0.962,0.571,0.52,0.423,0.371,0.664,0.631,0.979,0.986,0.342,0.547,0.087,0.004,0.643,0.787,75,75
Seurat v4 RPCA,Embedding,6924,0.459,0.487,0.638,0.641,0.961,0.961,0.57,0.52,0.313,0.288,0.589,0.568,0.97,0.979,0.423,0.474,0.115,0.005,0.624,0.761,75,75
SIMBA,Embedding,6924,0.614,0.542,0.729,0.68,0.976,0.975,0.565,0.505,0.516,0.593,0.655,0.676,0.963,0.968,0.531,0.551,0.106,0.004,0.589,0.76,75,75
unionCom,Embedding,6924,0.379,0.331,0.655,0.616,0.978,0.984,0.373,0.524,0.387,0.377,0.631,0.623,0.968,0.977,0.283,0.561,0.045,0.005,0.662,0.81,75,75
uniPort,Embedding,6924,0.563,0.565,0.656,0.652,0.965,0.967,0.484,0.489,0.632,0.619,0.738,0.717,0.976,0.977,0.562,0.503,0.089,0.006,0.674,0.814,75,75
